Question,Answer
1. What are the Sustainable Development Goals (SDGs) and when were they created?,The Sustainable Development Goals (SDGs) are a set of 17 goals that were created in the year 2015 by leaders from 193 countries to address global challenges and improve the world by the year 2030.
2. How many countries are involved in working towards achieving the SDGs?,193 countries are involved in working towards achieving the Sustainable Development Goals (SDGs).
3. What is the goal related to ending extreme poverty by 2030?,"The goal related to ending extreme poverty by 2030 is to ""End extreme poverty in all forms by 2030."""
4. How has hunger decreased in the past 20 years and what actions can be taken to further reduce hunger?,"Hunger has decreased by almost half in the past 20 years. Many countries that used to suffer from famine and hunger can now meet the nutritional needs of their most vulnerable people. To further reduce hunger, actions such as promoting sustainable agriculture and supporting small farmers can be taken. Additionally, ensuring food security, improving nutrition, and promoting sustainable agriculture are crucial steps to end hunger and malnutrition."
5. What is the goal related to ensuring healthy lives and promoting well-being for all ages?,"The goal related to ensuring healthy lives and promoting well-being for all ages is to ""ENSURE HEALTHY LIVES AND PROMOTE WELL-BEING FOR ALL AT ALL AGES."""
6. What progress has been made in achieving gender equality and empowering women and girls?,"Since 2000, there has been significant progress in achieving gender equality and empowering women and girls. More girls are in school compared to 2000, with most regions reaching gender parity in primary education. Additionally, the percentage of women getting paid for their work is on the rise. The Sustainable Development Goals aim to build on these achievements to ensure an end to discrimination against women and girls everywhere."
7. Why is it important to ensure access to clean drinking water for all by 2030?,"It is important to ensure access to clean drinking water for all by 2030 because many people around the world currently do not have access to safe and affordable drinking water. Water scarcity affects more than 40 percent of people globally, and this number is projected to increase due to climate change. Without access to clean drinking water, people's health, sanitation, and overall well-being are at risk. By ensuring access to clean drinking water, we can improve public health, reduce water-related diseases, and promote sustainable development."
8. How has access to electricity improved globally between 1990 and 2010?,Access to electricity globally improved significantly between 1990 and 2010. The number of people with access to electricity increased by 1.7 billion during that period. This progress is a positive step towards providing energy access to more people around the world.
"9. What is the goal related to promoting sustainable economic growth, full employment, and decent work for all?","The goal related to promoting sustainable economic growth, full employment, and decent work for all is ""PROMOTE SUSTAINED, INCLUSIVE AND SUSTAINABLE ECONOMIC GROWTH, FULL AND PRODUCTIVE EMPLOYMENT AND DECENT WORK FOR ALL."""
10. How can technological progress help address global challenges and promote sustainable development?,"Technological progress can help address global challenges and promote sustainable development by creating innovative solutions that improve efficiency, reduce waste, and enhance connectivity. For example, advancements in technology can lead to more sustainable industries, better infrastructure, and increased access to information and resources. Bridging the digital divide, promoting scientific research, and investing in innovation are all ways that technology can facilitate sustainable development."
